<?xml version="1.0" encoding="UTF-8"?>
<metadata xml:lang="en"><Esri><CreaDate>20211209</CreaDate><CreaTime>09385200</CreaTime><ArcGISFormat>1.0</ArcGISFormat><SyncOnce>FALSE</SyncOnce><DataProperties><itemProps><itemName Sync="TRUE">lion</itemName><imsContentType Sync="TRUE">002</imsContentType><nativeExtBox><westBL Sync="TRUE">912287.068792</westBL><eastBL Sync="TRUE">1067382.508458</eastBL><southBL Sync="TRUE">113279.346998</southBL><northBL Sync="TRUE">273617.843214</northBL><exTypeCode Sync="TRUE">1</exTypeCode></nativeExtBox><itemLocation><linkage Sync="FALSE">withheld</linkage><protocol Sync="TRUE">Local Area Network</protocol></itemLocation></itemProps><coordRef><type Sync="TRUE">Projected</type><geogcsn Sync="TRUE">GCS_North_American_1983</geogcsn><csUnits Sync="TRUE">Linear Unit: Foot_US (0.304801)</csUnits><projcsn Sync="TRUE">NAD_1983_StatePlane_New_York_Long_Island_FIPS_3104_Feet</projcsn><peXml Sync="TRUE">&lt;ProjectedCoordinateSystem xsi:type='typens:ProjectedCoordinateSystem' xmlns:xsi='http://www.w3.org/2001/XMLSchema-instance' xmlns:xs='http://www.w3.org/2001/XMLSchema' xmlns:typens='http://www.esri.com/schemas/ArcGIS/10.6'&gt;&lt;WKT&gt;PROJCS[&amp;quot;NAD_1983_StatePlane_New_York_Long_Island_FIPS_3104_Feet&amp;quot;,GEOGCS[&amp;quot;GCS_North_American_1983&amp;quot;,DATUM[&amp;quot;D_North_American_1983&amp;quot;,SPHEROID[&amp;quot;GRS_1980&amp;quot;,6378137.0,298.257222101]],PRIMEM[&amp;quot;Greenwich&amp;quot;,0.0],UNIT[&amp;quot;Degree&amp;quot;,0.0174532925199433]],PROJECTION[&amp;quot;Lambert_Conformal_Conic&amp;quot;],PARAMETER[&amp;quot;False_Easting&amp;quot;,984250.0],PARAMETER[&amp;quot;False_Northing&amp;quot;,0.0],PARAMETER[&amp;quot;Central_Meridian&amp;quot;,-74.0],PARAMETER[&amp;quot;Standard_Parallel_1&amp;quot;,40.66666666666666],PARAMETER[&amp;quot;Standard_Parallel_2&amp;quot;,41.03333333333333],PARAMETER[&amp;quot;Latitude_Of_Origin&amp;quot;,40.16666666666666],UNIT[&amp;quot;Foot_US&amp;quot;,0.3048006096012192],AUTHORITY[&amp;quot;EPSG&amp;quot;,2263]]&lt;/WKT&gt;&lt;XOrigin&gt;-120039300&lt;/XOrigin&gt;&lt;YOrigin&gt;-96540300&lt;/YOrigin&gt;&lt;XYScale&gt;9999.9995250255088&lt;/XYScale&gt;&lt;ZOrigin&gt;-100000&lt;/ZOrigin&gt;&lt;ZScale&gt;10000&lt;/ZScale&gt;&lt;MOrigin&gt;-100000&lt;/MOrigin&gt;&lt;MScale&gt;10000&lt;/MScale&gt;&lt;XYTolerance&gt;0.00020000000949949029&lt;/XYTolerance&gt;&lt;ZTolerance&gt;0.001&lt;/ZTolerance&gt;&lt;MTolerance&gt;0.001&lt;/MTolerance&gt;&lt;HighPrecision&gt;true&lt;/HighPrecision&gt;&lt;WKID&gt;102718&lt;/WKID&gt;&lt;LatestWKID&gt;2263&lt;/LatestWKID&gt;&lt;/ProjectedCoordinateSystem&gt;</peXml></coordRef><lineage><Process ToolSource="c:\program files (x86)\arcgis\desktop10.7\ArcToolbox\Toolboxes\Data Management Tools.tbx\CalculateField" Date="20211209" Time="093551">CalculateField lion Segment_ID int(!SegmentID!) PYTHON_9.3 #</Process></lineage></DataProperties><scaleRange><minScale>150000000</minScale><maxScale>5000</maxScale></scaleRange><SyncDate>20211105</SyncDate><SyncTime>15202400</SyncTime><ModDate>20211105</ModDate><ModTime>15202400</ModTime></Esri><mdHrLv><ScopeCd value="005"/></mdHrLv><mdContact><rpOrgName>New York City Department of City Planning (DCP)</rpOrgName><rpCntInfo><cntAddress addressType="both"><delPoint>120 Broadway, 31st Floor</delPoint><city>New York</city><adminArea>NY</adminArea><postCode>10271</postCode><eMailAdd>DCPopendata@planning.nyc.gov</eMailAdd></cntAddress></rpCntInfo><displayName>New York City Department of City Planning (DCP)</displayName></mdContact><dataIdInfo><idPurp>The LION file has been maintained as a major component of the Department of City Planning's Geosupport System.</idPurp><idAbs>&lt;DIV STYLE="text-align:Left;"&gt;&lt;DIV&gt;&lt;DIV&gt;&lt;P&gt;&lt;SPAN&gt;LION is a single line representation of New York City streets containing address ranges and other information.&lt;/SPAN&gt;&lt;/P&gt;&lt;/DIV&gt;&lt;/DIV&gt;&lt;/DIV&gt;</idAbs><idCredit>Department of City Planning (DCP)</idCredit><idCitation><resTitle>LION</resTitle><citRespParty><rpOrgName>New York City Department of City Planning (DCP)</rpOrgName><rpCntInfo><cntAddress addressType="both"><delPoint>120 Broadway, 31st Floor</delPoint><city>New York</city><adminArea>NY</adminArea><postCode>10271</postCode><eMailAdd>DCPopendata@planning.nyc.gov</eMailAdd></cntAddress></rpCntInfo><displayName>New York City Department of City Planning (DCP)</displayName></citRespParty><date><createDate>10/19/2021 3:10:12 PM</createDate><pubDate>11/15/2021 3:10:25 PM</pubDate></date><resEd>21D</resEd><datasetSeries><seriesName>BYTES of the BIG APPLE</seriesName><issId>21D</issId></datasetSeries><presForm><PresFormCd value="005" Sync="TRUE"/></presForm></idCitation><searchKeys><keyword>Streets</keyword><keyword>Roads</keyword><keyword>Roadbeds</keyword><keyword>LION</keyword><keyword>Transportation</keyword><keyword>Department of City Planning</keyword><keyword>DCP</keyword><keyword>New York City</keyword><keyword>NYC</keyword><keyword>LIONdistricts</keyword></searchKeys><resConst><Consts><useLimit>&lt;DIV STYLE="text-align:Left;"&gt;&lt;DIV&gt;&lt;DIV&gt;&lt;P&gt;&lt;SPAN&gt;The Department of City Planning make no representation as to the accuracy of the information or its suitability for any purposes. The Department and the City disclaim any liability for errors that may be contained herein.&lt;/SPAN&gt;&lt;/P&gt;&lt;/DIV&gt;&lt;/DIV&gt;&lt;/DIV&gt;</useLimit></Consts></resConst><idPoC><rpOrgName>New York City Department of City Planning (DCP)</rpOrgName><rpCntInfo><cntAddress addressType="both"><delPoint>120 Broadway, 31st Floor</delPoint><city>New York</city><adminArea>NY</adminArea><postCode>10271</postCode><eMailAdd>DCPopendata@planning.nyc.gov</eMailAdd></cntAddress></rpCntInfo><displayName>New York City Department of City Planning (DCP)</displayName></idPoC><envirDesc Sync="TRUE"> Version 6.2 (Build 9200) ; Esri ArcGIS 10.6.1.9328</envirDesc><dataLang><languageCode value="eng" Sync="TRUE"/><countryCode value="USA" Sync="TRUE"/></dataLang><spatRpType><SpatRepTypCd value="001" Sync="TRUE"/></spatRpType><dataExt><geoEle><GeoBndBox esriExtentType="search"><exTypeCode Sync="TRUE">1</exTypeCode><westBL Sync="TRUE">-74.260380</westBL><eastBL Sync="TRUE">-73.699206</eastBL><northBL Sync="TRUE">40.917691</northBL><southBL Sync="TRUE">40.477211</southBL></GeoBndBox></geoEle></dataExt></dataIdInfo><eainfo><detailed Name="lion"><enttyp><enttypl>lion</enttypl><enttypd>Single line representation of New York City streets</enttypd><enttypds>DCP</enttypds><enttypt Sync="TRUE">Feature Class</enttypt><enttypc Sync="TRUE">234827</enttypc></enttyp><attr><attrlabl>OBJECTID</attrlabl><attrdef>Internal feature number.</attrdef><attrdefs>Esri</attrdefs><attrdomv><udom>Sequential unique whole numbers that are automatically generated.</udom></attrdomv><attalias Sync="TRUE">OBJECTID</attalias><attrtype Sync="TRUE">OID</attrtype><attwidth Sync="TRUE">4</attwidth><atprecis Sync="TRUE">0</atprecis><attscale Sync="TRUE">0</attscale></attr><attr><attrlabl>Shape</attrlabl><attrdef>Feature geometry.</attrdef><attrdefs>ESRI</attrdefs><attrdomv><udom>Coordinates defining the features.</udom></attrdomv><attalias Sync="TRUE">SHAPE</attalias><attrtype Sync="TRUE">Geometry</attrtype><attwidth Sync="TRUE">0</attwidth><atprecis Sync="TRUE">0</atprecis><attscale Sync="TRUE">0</attscale></attr><attr><attrlabl>Street</attrlabl><attrdef>Street or non-street feature name used for labeling.</attrdef><attrdefs>DCP</attrdefs><attalias Sync="TRUE">Street</attalias><attrtype Sync="TRUE">String</attrtype><attwidth Sync="TRUE">32</attwidth><atprecis Sync="TRUE">0</atprecis><attscale Sync="TRUE">0</attscale></attr><attr><attrlabl>SAFStreetName</attrlabl><attrdef>Special Address Place name</attrdef><attalias Sync="TRUE">SAFStreetName</attalias><attrtype Sync="TRUE">String</attrtype><attwidth Sync="TRUE">32</attwidth><atprecis Sync="TRUE">0</atprecis><attscale Sync="TRUE">0</attscale></attr><attr><attrlabl>FeatureTyp</attrlabl><attrdef>Feature Type Code</attrdef><attrdomv><edom><edomv>0</edomv><edomvd>Street other than vehicle only street.</edomvd></edom><edom><edomv>1</edomv><edomvd>Railroad</edomvd></edom><edom><edomv>2</edomv><edomvd>Water Edge / Shoreline</edomvd></edom><edom><edomv>3</edomv><edomvd>Census Block Boundary</edomvd></edom><edom><edomv>5</edomv><edomvd>Paper Street: This is a legally mapped, but unbuilt street. Such streets are common in areas of Staten Island anticipating development. May exist in all boroughs.</edomvd></edom><edom><edomv>6</edomv><edomvd>Private Street: This is a physically existing street which is not owned by the City and is not officially mapped. For example, streets in the Fort Totten and Breezy Point sections of Queens.</edomvd></edom><edom><edomv>7</edomv><edomvd>District Boundary: Physically non-existent boundary for a community district, a police precinct, or a fire company.</edomvd></edom><edom><edomv>8</edomv><edomvd>Physical Non-Street Boundary: Physically existing un-addressable boundary (such as a rock wall cemetery edge).</edomvd></edom><edom><edomv>9</edomv><edomvd>Paper Street and Census/District Boundary:  A legally mapped, but unbuilt street that also acts as a census block or district boundary.</edomvd></edom><edom><edomv>A</edomv><edomvd>Alley: a narrow street or passageway between and behind city buildings.</edomvd></edom><edom><edomv>W</edomv><edomvd>Path, Non-Vehicular, Addressable: This is a walking path that contains addresses. For example, some boardwalks and some walking paths in housing projects.</edomvd></edom><edom><edomv>C</edomv><edomvd>CCO (Corporation Counsel Opinion). A CCO is an opinion by the City's Law Department that a street area, not owned by the City, has been dedicated for public use, consistent with the requirements of General City Law, Section 36(2). That allows the City to use public funds for various improvements and services, including paving of the roadway and installing sewers. The request usually relates to planned work by the City's Department of Transportation, Department of Design and Construction, and Department of Environmental Protection.</edomvd></edom><edom><edomv>F</edomv><edomvd>Ferry Route:   A schematic representation of a ferry’s passage through a water body.  Please note that only selected ferry routes required for the bicycle routing within NYC are included.</edomvd></edom></attrdomv><attalias Sync="TRUE">FeatureTyp</attalias><attrtype Sync="TRUE">String</attrtype><attwidth Sync="TRUE">1</attwidth><atprecis Sync="TRUE">0</atprecis><attscale Sync="TRUE">0</attscale></attr><attr><attrlabl>SegmentTyp</attrlabl><attrdef>Segment Type:  This field is used to define the segment's status in relation to the horizontal topology enhancements first introduced with LION 06A.</attrdef><attrdomv><edom><edomv>B</edomv><edomvd>Both: Segment is both generic and roadbed; the center roadbed segment of a divided roadway containing an odd number of roadbeds.</edomvd></edom><edom><edomv>C</edomv><edomvd>Connector: Segments used to connect adjacent roadbeds of a divided street.  Typically these exist to allow traffic flow from one roadbed to another.</edomvd></edom><edom><edomv>E</edomv><edomvd>Entrance/Exit Ramp:  Connects a highway to a different street or highway.</edomvd></edom><edom><edomv>F</edomv><edomvd>Faux Segment: These are used when a street or ramp physically ends at a roadbed, but connectivity needs to be maintained with the generic segment.</edomvd></edom><edom><edomv>G</edomv><edomvd>Generic Segment: An imaginary single line representation of a physically divided street.</edomvd></edom><edom><edomv>R</edomv><edomvd>Roadbed Segment:  Depicts physically separated carriageway segments of a particular street.</edomvd></edom><edom><edomv>T</edomv><edomvd>Terminator: Used to model situations where a divided section of a street terminates, but the street itself continues.</edomvd></edom><edom><edomv>U</edomv><edomvd>Undivided Street:  All other LION segments that do not fall into any of the above categories.</edomvd></edom><edom><edomv>S</edomv><edomvd>Suppressed: Undivided segment to be suppressed in a generic view of LION</edomvd></edom></attrdomv><attalias Sync="TRUE">SegmentTyp</attalias><attrtype Sync="TRUE">String</attrtype><attwidth Sync="TRUE">1</attwidth><atprecis Sync="TRUE">0</atprecis><attscale Sync="TRUE">0</attscale></attr><attr><attrlabl>IncExFlag</attrlabl><attrdef>Inclusion/Exclusion Flag:  Field formerly used by DCP to identify pre-horizontal topology roadbeds in LION.  This field is now used to flag selected pedestrian walkways and greenways for exclusion in the NYPD's ETL process from CSCL.</attrdef><attrdomv><edom><edomv>E</edomv><edomvd>Segment should be excluded from the NYPD's ETL and from Geosupport cross street generation.</edomvd></edom></attrdomv><attalias Sync="TRUE">IncExFlag</attalias><attrtype Sync="TRUE">String</attrtype><attwidth Sync="TRUE">1</attwidth><atprecis Sync="TRUE">0</atprecis><attscale Sync="TRUE">0</attscale></attr><attr><attrlabl>RB_Layer</attrlabl><attrdef>For cartographic purposes, indicates whether segment is present in the "Roadbed" layer and/or the "Generic" layer.  This field is generated by a definition query of Segment Types.</attrdef><attrdomv><edom><edomv>R</edomv><edomvd>Segment is unique to the Roadbed layer.  Comprised of Segment Types R, C, T and S.</edomvd></edom><edom><edomv>G</edomv><edomvd>Segment unique to the Generic layer.  Comprised of Segment Types G and F.</edomvd></edom><edom><edomv>B</edomv><edomvd>Segment belongs in Both the generic and roadbed layers.  Comprised of Segment types U, B and E.</edomvd></edom><edom><edomv>N</edomv><edomvd>Segment is neither in the generic or roadbed layer.  These are exception cases where divided roadbeds existed in the LION file prior to release 06A.</edomvd></edom></attrdomv><attalias Sync="TRUE">RB_Layer</attalias><attrtype Sync="TRUE">String</attrtype><attwidth Sync="TRUE">1</attwidth><atprecis Sync="TRUE">0</atprecis><attscale Sync="TRUE">0</attscale></attr><attr><attrlabl>NonPed</attrlabl><attrdef>Non-Pedestrian Indicator.</attrdef><attrdomv><edom><edomv>D</edomv><edomvd>Pedestrian accessible, but are excluded by the Department of Education in determining walking routes from a pupil's home to their school.</edomvd></edom><edom><edomv>V</edomv><edomvd>Vehicle-only: primarily roadways, inaccessible to pedestrian usage</edomvd></edom></attrdomv><attalias Sync="TRUE">NonPed</attalias><attrtype Sync="TRUE">String</attrtype><attwidth Sync="TRUE">1</attwidth><atprecis Sync="TRUE">0</atprecis><attscale Sync="TRUE">0</attscale></attr><attr><attrlabl>TrafDir</attrlabl><attrdef>Traffic Direction. Code indicating the flow of traffic relative to the street segment's directionality.</attrdef><attrdomv><edom><edomv>W</edomv><edomvd>With: One-way street, traffic flows with the segment's directionality, i.e., from the segment's FROM node to the TO node..</edomvd></edom><edom><edomv>A</edomv><edomvd>Against: One-way street, traffic flows from against the segment's directionality, i.e., from the segment's TO node to the FROM node.</edomvd></edom><edom><edomv>T</edomv><edomvd>Two-Way: Traffic flows in both directions.</edomvd></edom><edom><edomv>P</edomv><edomvd>Pedestrian path: Non-vehicular.</edomvd></edom><edom><edomv>blank</edomv><edomvd>Non-street feature.</edomvd></edom></attrdomv><attrvai><attrvae>Field Verified by the Dept of Transportation (DOT) in 2003 .  DOT supplies regular updates.</attrvae></attrvai><attalias Sync="TRUE">TrafDir</attalias><attrtype Sync="TRUE">String</attrtype><attwidth Sync="TRUE">1</attwidth><atprecis Sync="TRUE">0</atprecis><attscale Sync="TRUE">0</attscale></attr><attr><attrlabl>TrafSrc</attrlabl><attrdef>Indicates the source of information in the Traffic Direction (TrafDir) field.</attrdef><attrdomv><edom><edomv>DCP</edomv><edomvd>NYC Department of City Planning</edomvd></edom><edom><edomv>DOT</edomv><edomvd>NYC Department of Transportation</edomvd></edom></attrdomv><attalias Sync="TRUE">TrafSrc</attalias><attrtype Sync="TRUE">String</attrtype><attwidth Sync="TRUE">3</attwidth><atprecis Sync="TRUE">0</atprecis><attscale Sync="TRUE">0</attscale></attr><attr><attrlabl>SpecAddr</attrlabl><attrdef>Special Address Type Code. These represent special addressing situations.  Please note that alternative street names and street codes for Special Addresses other than TYPE = 'A' can be found in the fields "SAFStreetName" and "SAFStreetCode" respectively.</attrdef><attrdomv><edom><edomv>A</edomv><edomvd>Alternate Address Range: Alternative address ranges for the same street name. This can occur where buildings have been renumbered; old numbers will sometimes remain in use. For example, such usage is common in some Queens neighborhoods, including Far Rockaway, Douglaston, Forest Hills and Ridgewood, where non-hyphenated addresses have been replaced by hyphenated addresses.</edomvd></edom><edom><edomv>B</edomv><edomvd>Alternative Street Names: Alternative street names that cannot be handled in the usual way.</edomvd></edom><edom><edomv>C</edomv><edomvd>Handles a unique situation along the Brooklyn-Queens border, where Ruby Street on the Brooklyn side of the street is known as 75 Street in Queens. Some Brooklyn residents use 75 Street in their address; however there is another 75 Street in the Bay Ridge section of Brooklyn, far from the Queens border.</edomvd></edom><edom><edomv>D</edomv><edomvd>Duplicate Addresses: Duplicate addresses for the same street name within the same borough. Currently, there are three New York City streets that have some duplicate addresses:  Hillside Avenue and Center Drive in Queens, and Martin Luther King Junior Boulevard in Manhattan.  The portion of Hillside Avenue in the Far Rockaway neighborhood has some addresses that are identicdal to addresses in the portion of Hillside Avenue in the Douglaston neighborhood.  Hillside Avenue also has some addresses that are duplicated between the Douglaston and Bellerose neighborhoods.  Center Drive has some addresses that are duplicated between the Douglaston and Malba neighborhoods.  Martin Luther King Junior Boulevard is an alternative name for both East 125 Street and West 125 Street, and therefore has many duplicate addresses.</edomvd></edom><edom><edomv>E</edomv><edomvd>Refers to situations in which the name of a neighborhood can serve as an alternate name for all streets in that neighborhood. The two neighborhoods for which this applies are both in the Bronx: Edgewater Park and Harding Park.</edomvd></edom><edom><edomv>G</edomv><edomvd>This is used for names of complexes (e.g., Lincoln Center). Complexes are non-addressable, and are composed of a number of non-addressable place names. Complexes can include individual buildings or parks that are recognized as a grouped entity (e.g., Lincoln Center, Jefferson Houses, City College). "G" records refer to the complex names (Lincoln Center), while the entities within the complex (Alice Tully Hall, Metropolitan Opera, etc.) are flagged as type "x" records.</edomvd></edom><edom><edomv>N</edomv><edomvd>Non-Addressable Place Name: This is used for non-addressable place names. These are place names that cannot be combined with a house number to form an address. Such place names can include individual buildings (e.g., City Hall, Alice Tully Hall), building complexes (e.g., Columbia University, New York Hospital) and large facilities (e.g., Penn Station, LaGuardia Airport).</edomvd></edom><edom><edomv>O</edomv><edomvd>This is used for out-of-sequence addresses. Such addresses do not follow the logical addressing sequence of the immediately adjacent buildings. For example, address number 62 of a street may exist between addresses 80 and 82, not between 60 and 64 on that blockface (it may also appear on a blockface other than that which contains 60 and 64). Also, the address may be an opposite-parity address, in that its parity (odd/even) is the opposite of the predominant parity on the blockface. For example, address number 62 may appear on the odd side of the street between 63 and 65.</edomvd></edom><edom><edomv>S</edomv><edomvd>Suffix:  This refers to situations in which the break in addresses from one block face to the next along a street involves house number suffixes. The "s" flag appears with such records to denote that a suffix exists at either the low or high end of the segment's address range.  For example, if the address range on one block is 1 - 13A, and the next block is 15 - 25, the address range on the first block will be shown in LION as 1 - 13, and 13A will be an SAF type "S" record.</edomvd></edom><edom><edomv>V</edomv><edomvd>This is used for "vanity addresses" (i.e. addresses in which the street name refers to a different street than the one on which the referenced building entrance is actually located). For example, 1049 5th Avenue in Manhattan, a vanity address, is actually located on East 86th Street, between 5th Avenue and Madison Avenue.</edomvd></edom><edom><edomv>X</edomv><edomvd>This is used for names of non-addressable, consituent entities of complexes (not the entire complex name itself, which is flagged as type "G"). These are non-addressable place names grouped with other non-addressable place names to form a larger, non-addressable complex. Such non-addressable place name parts of complexes can include individual buildings or parks (e.g., Alice Tully Hall of Lincoln Center, Damrosch Park of Lincoln Center, Jefferson Houses Building 2 of Jefferson Houses, Shepard Hall of City College).   To ensure that non-addressable place names are geocoded to the correct side of a street segment, the address range fields of the incorrect side of the street will contain a value of "-99999."</edomvd></edom><edom><edomv>P</edomv><edomvd>Addressable Place Names:  An addressable place name is usually the name of an individual building or building complex that can serve the role of a street name in an address, even though there is no actual street with that name.  Each of these can combine with address numbers to form addresses, such as 5 Penn Plaza or 13 Confucius Plaza.</edomvd></edom></attrdomv><attalias Sync="TRUE">SpecAddr</attalias><attrtype Sync="TRUE">String</attrtype><attwidth Sync="TRUE">1</attwidth><atprecis Sync="TRUE">0</atprecis><attscale Sync="TRUE">0</attscale></attr><attr><attrlabl>FaceCode</attrlabl><attrdef>Face Code:  A four digit number assigned to any linear geographic feature in LION. This can be either a street or non-street feature (e.g., shoreline, railroad tracks).  Also a component field of a unique identifier in LION known as the LIONkey (comprised of Boro, FaceCode and SeqNum.</attrdef><attalias Sync="TRUE">FaceCode</attalias><attrtype Sync="TRUE">String</attrtype><attwidth Sync="TRUE">4</attwidth><atprecis Sync="TRUE">0</atprecis><attscale Sync="TRUE">0</attscale></attr><attr><attrlabl>SeqNum</attrlabl><attrdef>Sequence Number:  A five digit number assigned sequentially to the street segments within a given face code. The sequence number generally increases with the directionality of the street.  Also a component field of a unique identifier in LION known as the LIONkey (comprised of Boro, FaceCode and SeqNum.</attrdef><attalias Sync="TRUE">SeqNum</attalias><attrtype Sync="TRUE">String</attrtype><attwidth Sync="TRUE">5</attwidth><atprecis Sync="TRUE">0</atprecis><attscale Sync="TRUE">0</attscale></attr><attr><attrlabl>StreetCode</attrlabl><attrdef>Street Code is a numeric code that represents the names of New York city streets.  The first digit is a borough code; the subsequent five digits are the 5-digit street code.</attrdef><attalias Sync="TRUE">StreetCode</attalias><attrtype Sync="TRUE">String</attrtype><attwidth Sync="TRUE">6</attwidth><atprecis Sync="TRUE">0</atprecis><attscale Sync="TRUE">0</attscale></attr><attr><attrlabl>SAFStreetCode</attrlabl><attalias Sync="TRUE">SAFStreetCode</attalias><attrtype Sync="TRUE">String</attrtype><attwidth Sync="TRUE">6</attwidth><atprecis Sync="TRUE">0</atprecis><attscale Sync="TRUE">0</attscale></attr><attr><attrlabl>LGC1</attrlabl><attrdef>Local Group Code 1:  A Local Group Code (LGC) is a qualifier for DCP's 5 digit street code.  Each LGC value represents a group of names for the given street that are valid for that segment.</attrdef><attalias Sync="TRUE">LGC1</attalias><attrtype Sync="TRUE">String</attrtype><attwidth Sync="TRUE">2</attwidth><atprecis Sync="TRUE">0</atprecis><attscale Sync="TRUE">0</attscale></attr><attr><attrlabl>LGC2</attrlabl><attrdef>Local Group Code 2:  A Local Group Code (LGC) is a qualifier for DCP's 5 digit street code.  Each LGC value represents a group of names for the given street that are valid for that segment.</attrdef><attalias Sync="TRUE">LGC2</attalias><attrtype Sync="TRUE">String</attrtype><attwidth Sync="TRUE">2</attwidth><atprecis Sync="TRUE">0</atprecis><attscale Sync="TRUE">0</attscale></attr><attr><attrlabl>LGC3</attrlabl><attrdef>Local Group Code 3:  A Local Group Code (LGC) is a qualifier for DCP's 5 digit street code.  Each LGC value represents a group of names for the given street that are valid for that segment.</attrdef><attalias Sync="TRUE">LGC3</attalias><attrtype Sync="TRUE">String</attrtype><attwidth Sync="TRUE">2</attwidth><atprecis Sync="TRUE">0</atprecis><attscale Sync="TRUE">0</attscale></attr><attr><attrlabl>LGC4</attrlabl><attrdef>Local Group Code 4:  A Local Group Code (LGC) is a qualifier for DCP's 5 digit street code.  Each LGC value represents a group of names for the given street that are valid for that segment.</attrdef><attalias Sync="TRUE">LGC4</attalias><attrtype Sync="TRUE">String</attrtype><attwidth Sync="TRUE">2</attwidth><atprecis Sync="TRUE">0</atprecis><attscale Sync="TRUE">0</attscale></attr><attr><attrlabl>LGC5</attrlabl><attrdef>Local Group Code 5:  A Local Group Code (LGC) is a qualifier for DCP's 5 digit street code.  Each LGC value represents a group of names for the given street that are valid for that segment.</attrdef><attalias Sync="TRUE">LGC5</attalias><attrtype Sync="TRUE">String</attrtype><attwidth Sync="TRUE">2</attwidth><atprecis Sync="TRUE">0</atprecis><attscale Sync="TRUE">0</attscale></attr><attr><attrlabl>LGC6</attrlabl><attrdef>Local Group Code 6:  A Local Group Code (LGC) is a qualifier for DCP's 5 digit street code.  Each LGC value represents a group of names for the given street that are valid for that segment.</attrdef><attalias Sync="TRUE">LGC6</attalias><attrtype Sync="TRUE">String</attrtype><attwidth Sync="TRUE">2</attwidth><atprecis Sync="TRUE">0</atprecis><attscale Sync="TRUE">0</attscale></attr><attr><attrlabl>LGC7</attrlabl><attrdef>Local Group Code 7:  A Local Group Code (LGC) is a qualifier for DCP's 5 digit street code.  Each LGC value represents a group of names for the given street that are valid for that segment.</attrdef><attalias Sync="TRUE">LGC7</attalias><attrtype Sync="TRUE">String</attrtype><attwidth Sync="TRUE">2</attwidth><atprecis Sync="TRUE">0</atprecis><attscale Sync="TRUE">0</attscale></attr><attr><attrlabl>LGC8</attrlabl><attrdef>Local Group Code 8:  A Local Group Code (LGC) is a qualifier for DCP's 5 digit street code.  Each LGC value represents a group of names for the given street that are valid for that segment.</attrdef><attalias Sync="TRUE">LGC8</attalias><attrtype Sync="TRUE">String</attrtype><attwidth Sync="TRUE">2</attwidth><atprecis Sync="TRUE">0</atprecis><attscale Sync="TRUE">0</attscale></attr><attr><attrlabl>LGC9</attrlabl><attrdef>Local Group Code 9:  A Local Group Code (LGC) is a qualifier for DCP's 5 digit street code.  Each LGC value represents a group of names for the given street that are valid for that segment.</attrdef><attalias Sync="TRUE">LGC9</attalias><attrtype Sync="TRUE">String</attrtype><attwidth Sync="TRUE">2</attwidth><atprecis Sync="TRUE">0</atprecis><attscale Sync="TRUE">0</attscale></attr><attr><attrlabl>BOE_LGC</attrlabl><attrdef>Board of Elections LGC Pointer (Domain values = 1, 2, 3, 4) indicates which LGC field (LGC1, LGC2, LGC3 or LGC4 respectively) corresponds to the name for this segment that is used for Board of Elections applications.</attrdef><attalias Sync="TRUE">BOE_LGC</attalias><attrtype Sync="TRUE">String</attrtype><attwidth Sync="TRUE">1</attwidth><atprecis Sync="TRUE">0</atprecis><attscale Sync="TRUE">0</attscale></attr><attr><attrlabl>SegmentID</attrlabl><attrdef>Segment ID:  A seven digit number (right justified, zero filled) that identifies each segment of a street or a non-street feature represented in the LION file.  Segment ID differs from the LIONKey (see FaceCode and SeqNum definitions) in that the former identifies a geographic entity, whereas the latter identifies a record in the LION file. In the case of a segment lying along a borough boundary (for example, the Brooklyn-Queens border),  there will be two distinct LIONKeys (one for each borough), but the Segment ID in each LION record will be identical since it refers to the same physical geometry.</attrdef><attalias Sync="TRUE">SegmentID</attalias><attrtype Sync="TRUE">String</attrtype><attwidth Sync="TRUE">7</attwidth><atprecis Sync="TRUE">0</atprecis><attscale Sync="TRUE">0</attscale></attr><attr><attrlabl>SegCount</attrlabl><attrdef>Coincident Segment Count: Indicates situations where there are double-decker roads and therefore more than one segment for the same geography in LION (as it is maintained in CSCL).  An example would be the upper and lower roadways of the George Washington Bridge.  In this case, the SegCount would be equal to 2.  Most LION segments will have a SegCount of 1.  However there will appear to be some anomalies because of the difference in the way LION is maintained, and the way it must be exported.  For example, the Department of City Planning maintains an associated Special Address file that links various types of special address records (described further down in this document) to the LION file.  In the BYTES version of LION, the only way to include these special address records is by replicating the segment with alternate address information.  The result can be multiple records with the same Segment ID while the coincident segment count remains '1'.</attrdef><attalias Sync="TRUE">SegCount</attalias><attrtype Sync="TRUE">String</attrtype><attwidth Sync="TRUE">1</attwidth><atprecis Sync="TRUE">0</atprecis><attscale Sync="TRUE">0</attscale></attr><attr><attrlabl>LocStatus</attrlabl><attrdef>Segment Locational Status.</attrdef><attrdomv><edom><edomv>H</edomv><edomvd>Land-hooked segment, i.e. a segment internal to a Dynamic Block but not a dead end.</edomvd></edom><edom><edomv>I</edomv><edomvd>Dead end segment</edomvd></edom><edom><edomv>X</edomv><edomvd>Tract Boundary segment other than a borough boundary</edomvd></edom><edom><edomv>1</edomv><edomvd>Segment bordering Manhattan</edomvd></edom><edom><edomv>2</edomv><edomvd>Segment bordering The Bronx</edomvd></edom><edom><edomv>3</edomv><edomvd>Segment bordering Brooklyn</edomvd></edom><edom><edomv>4</edomv><edomvd>Segment bordering Queens</edomvd></edom><edom><edomv>5</edomv><edomvd>Segment bordering Staten Island</edomvd></edom><edom><edomv>9</edomv><edomvd>Segment on the New York City Boundary</edomvd></edom></attrdomv><attalias Sync="TRUE">LocStatus</attalias><attrtype Sync="TRUE">String</attrtype><attwidth Sync="TRUE">1</attwidth><atprecis Sync="TRUE">0</atprecis><attscale Sync="TRUE">0</attscale></attr><attr><attrlabl>LZip</attrlabl><attrdef>Contains the five digit postal zip code for the left side of the street segment.</attrdef><attrvai><attrva>Low</attrva><attrvae>LION segments are not split due to zip-code changes - in the event that a LION segment has more than 1 zip code associated to the left or right side, the predominant zip code is used.  No zip codes assigned to individual buildings are represented in the LION file.</attrvae></attrvai><attalias Sync="TRUE">LZip</attalias><attrtype Sync="TRUE">String</attrtype><attwidth Sync="TRUE">5</attwidth><atprecis Sync="TRUE">0</atprecis><attscale Sync="TRUE">0</attscale></attr><attr><attrlabl>RZip</attrlabl><attrdef>Contains the five digit postal zip code for the right side of the street segment.</attrdef><attrvai><attrva>low</attrva><attrvae>LION segments are not split due to zip-code changes - in the event that a LION segment has more than 1 zip code associated to the left or right side, the predominant zip code is used.  No zip codes assigned to individual buildings are represented in the LION file.</attrvae></attrvai><attalias Sync="TRUE">RZip</attalias><attrtype Sync="TRUE">String</attrtype><attwidth Sync="TRUE">5</attwidth><atprecis Sync="TRUE">0</atprecis><attscale Sync="TRUE">0</attscale></attr><attr><attrlabl>LBoro</attrlabl><attrdef>This is a 1-digit code identifying the borough in which the left side of the street segment is located.</attrdef><attrdomv><edom><edomv>1</edomv><edomvd>Manhattan</edomvd></edom><edom><edomv>2</edomv><edomvd>The Bronx</edomvd></edom><edom><edomv>3</edomv><edomvd>Brooklyn</edomvd></edom><edom><edomv>4</edomv><edomvd>Queens</edomvd></edom><edom><edomv>5</edomv><edomvd>Staten Island</edomvd></edom></attrdomv><attalias Sync="TRUE">LBoro</attalias><attrtype Sync="TRUE">Integer</attrtype><attwidth Sync="TRUE">4</attwidth><atprecis Sync="TRUE">0</atprecis><attscale Sync="TRUE">0</attscale></attr><attr><attrlabl>RBoro</attrlabl><attrdef>This is a 1-digit code identifying the borough in which the right side of the street segment is located.</attrdef><attrdomv><edom><edomv>1</edomv><edomvd>Manhattan</edomvd></edom><edom><edomv>2</edomv><edomvd>The Bronx</edomvd></edom><edom><edomv>3</edomv><edomvd>Brooklyn</edomvd></edom><edom><edomv>4</edomv><edomvd>Queens</edomvd></edom><edom><edomv>5</edomv><edomvd>Staten Island</edomvd></edom></attrdomv><attalias Sync="TRUE">RBoro</attalias><attrtype Sync="TRUE">Integer</attrtype><attwidth Sync="TRUE">4</attwidth><atprecis Sync="TRUE">0</atprecis><attscale Sync="TRUE">0</attscale></attr><attr><attrlabl>L_CD</attrlabl><attrdef>Three-digit Community District code for the left side of the street.  The first byte is the Borough Code and the second and third bytes are the Dommunity District Number (right justified, zero filled).  For example, Community District 6 in Brooklyn would be represented as 306.  There are 59 community districts in the City of New York, as well as 12 Joint Interest Areas (JIAs).  The JIAs are major parks and airports that are not contained within any CD.  For a full listing, please refer to the 'readme.txt' that is included as part of the LION file download.</attrdef><attalias Sync="TRUE">L_CD</attalias><attrtype Sync="TRUE">String</attrtype><attwidth Sync="TRUE">3</attwidth><atprecis Sync="TRUE">0</atprecis><attscale Sync="TRUE">0</attscale></attr><attr><attrlabl>R_CD</attrlabl><attrdef>Three-digit Community District code for the left side of the street.  The first byte is the Borough Code and the second and third bytes are the Dommunity District Number (right justified, zero filled).  For example, Community District 6 in Brooklyn would be represented as 306.  There are 59 community districts in the City of New York, as well as 12 Joint Interest Areas (JIAs).  The JIAs are major parks and airports that are not contained within any CD.  For a full listing, please refer to the 'readme.txt' that is included as part of the LION file download.</attrdef><attalias Sync="TRUE">R_CD</attalias><attrtype Sync="TRUE">String</attrtype><attwidth Sync="TRUE">3</attwidth><atprecis Sync="TRUE">0</atprecis><attscale Sync="TRUE">0</attscale></attr><attr><attrlabl>LATOMICPOLYGON</attrlabl><attrdef>Left Atomic Polygon: An atomic polygon is a minimal polgon formed by most LION segments (exceptions include paper streets and alleys).  "Minimal" means the polygon is not subdivided by LION segments (other than the noted exceptions) into smaller polygons.  An atomic polygon can contain segments of various types in its interior: paper street segments (Feature Type = 5), dead end segments (LocStatus = I), land-hooked segments (LocStatus = H) and alley segments (Feature Type = A).  Atomic Polygons numbers are unique within 2010 Census Tracts and are used as building blocks for many higher geographies.</attrdef><attalias Sync="TRUE">LATOMICPOLYGON</attalias><attrtype Sync="TRUE">String</attrtype><attwidth Sync="TRUE">3</attwidth><atprecis Sync="TRUE">0</atprecis><attscale Sync="TRUE">0</attscale></attr><attr><attrlabl>RATOMICPOLYGON</attrlabl><attrdef>Right Atomic Polygon: An atomic polygon is a minimal polgon formed by most LION segments (exceptions include paper streets and alleys).  "Minimal" means the polygon is not subdivided by LION segments (other than the noted exceptions) into smaller polygons.  An atomic polygon can contain segments of various types in its interior: paper street segments (Feature Type = 5), dead end segments (LocStatus = I), land-hooked segments (LocStatus = H) and alley segments (Feature Type = A).  Atomic Polygons numbers are unique within 2010 Census Tracts and are used as building blocks for many higher geographies.</attrdef><attalias Sync="TRUE">RATOMICPOLYGON</attalias><attrtype Sync="TRUE">String</attrtype><attwidth Sync="TRUE">3</attwidth><atprecis Sync="TRUE">0</atprecis><attscale Sync="TRUE">0</attscale></attr><attr><attrlabl>LCT2010</attrlabl><attrdef>Left 2010 Census Tract.</attrdef><attalias Sync="TRUE">LCT2010</attalias><attrtype Sync="TRUE">String</attrtype><attwidth Sync="TRUE">4</attwidth><atprecis Sync="TRUE">0</atprecis><attscale Sync="TRUE">0</attscale></attr><attr><attrlabl>LCT2010Suf</attrlabl><attrdef>Left 2010 Census Tract Suffix.</attrdef><attalias Sync="TRUE">LCT2010Suf</attalias><attrtype Sync="TRUE">String</attrtype><attwidth Sync="TRUE">2</attwidth><atprecis Sync="TRUE">0</atprecis><attscale Sync="TRUE">0</attscale></attr><attr><attrlabl>RCT2010</attrlabl><attrdef>Right 2010 Census Tract.</attrdef><attalias Sync="TRUE">RCT2010</attalias><attrtype Sync="TRUE">String</attrtype><attwidth Sync="TRUE">4</attwidth><atprecis Sync="TRUE">0</atprecis><attscale Sync="TRUE">0</attscale></attr><attr><attrlabl>RCT2010Suf</attrlabl><attrdef>Right 2010 Census Tract Suffix.</attrdef><attalias Sync="TRUE">RCT2010Suf</attalias><attrtype Sync="TRUE">String</attrtype><attwidth Sync="TRUE">2</attwidth><atprecis Sync="TRUE">0</atprecis><attscale Sync="TRUE">0</attscale></attr><attr><attrlabl>LCB2010</attrlabl><attrdef>Left 2010 Census Block.</attrdef><attalias Sync="TRUE">LCB2010</attalias><attrtype Sync="TRUE">String</attrtype><attwidth Sync="TRUE">4</attwidth><atprecis Sync="TRUE">0</atprecis><attscale Sync="TRUE">0</attscale></attr><attr><attrlabl>LCB2010Suf</attrlabl><attrdef>Left 2010 Census Block Suffix.</attrdef><attalias Sync="TRUE">LCB2010Suf</attalias><attrtype Sync="TRUE">String</attrtype><attwidth Sync="TRUE">1</attwidth><atprecis Sync="TRUE">0</atprecis><attscale Sync="TRUE">0</attscale></attr><attr><attrlabl>RCB2010</attrlabl><attrdef>Right 2010 Census Block.</attrdef><attalias Sync="TRUE">RCB2010</attalias><attrtype Sync="TRUE">String</attrtype><attwidth Sync="TRUE">4</attwidth><atprecis Sync="TRUE">0</atprecis><attscale Sync="TRUE">0</attscale></attr><attr><attrlabl>RCB2010Suf</attrlabl><attrdef>Right 2010 Census Block Suffix.</attrdef><attalias Sync="TRUE">RCB2010Suf</attalias><attrtype Sync="TRUE">String</attrtype><attwidth Sync="TRUE">1</attwidth><atprecis Sync="TRUE">0</atprecis><attscale Sync="TRUE">0</attscale></attr><attr><attrlabl>LCT2000</attrlabl><attrdef>Left 2000 Census Tract.</attrdef><attalias Sync="TRUE">LCT2000</attalias><attrtype Sync="TRUE">String</attrtype><attwidth Sync="TRUE">4</attwidth><atprecis Sync="TRUE">0</atprecis><attscale Sync="TRUE">0</attscale></attr><attr><attrlabl>LCT2000Suf</attrlabl><attrdef>Left 2000 Census Tract Suffix.</attrdef><attalias Sync="TRUE">LCT2000Suf</attalias><attrtype Sync="TRUE">String</attrtype><attwidth Sync="TRUE">2</attwidth><atprecis Sync="TRUE">0</atprecis><attscale Sync="TRUE">0</attscale></attr><attr><attrlabl>RCT2000</attrlabl><attrdef>Right 2000 Census Tract.</attrdef><attalias Sync="TRUE">RCT2000</attalias><attrtype Sync="TRUE">String</attrtype><attwidth Sync="TRUE">4</attwidth><atprecis Sync="TRUE">0</atprecis><attscale Sync="TRUE">0</attscale></attr><attr><attrlabl>RCT2000Suf</attrlabl><attrdef>Right 2000 Census Tract Suffix.</attrdef><attalias Sync="TRUE">RCT2000Suf</attalias><attrtype Sync="TRUE">String</attrtype><attwidth Sync="TRUE">2</attwidth><atprecis Sync="TRUE">0</atprecis><attscale Sync="TRUE">0</attscale></attr><attr><attrlabl>LCB2000</attrlabl><attrdef>Left 2000 Census Block.</attrdef><attalias Sync="TRUE">LCB2000</attalias><attrtype Sync="TRUE">String</attrtype><attwidth Sync="TRUE">4</attwidth><atprecis Sync="TRUE">0</atprecis><attscale Sync="TRUE">0</attscale></attr><attr><attrlabl>LCB2000Suf</attrlabl><attrdef>Left 2000 Census Block Suffix.</attrdef><attalias Sync="TRUE">LCB2000Suf</attalias><attrtype Sync="TRUE">String</attrtype><attwidth Sync="TRUE">1</attwidth><atprecis Sync="TRUE">0</atprecis><attscale Sync="TRUE">0</attscale></attr><attr><attrlabl>RCB2000</attrlabl><attrdef>Right 2000 Census Block.</attrdef><attalias Sync="TRUE">RCB2000</attalias><attrtype Sync="TRUE">String</attrtype><attwidth Sync="TRUE">4</attwidth><atprecis Sync="TRUE">0</atprecis><attscale Sync="TRUE">0</attscale></attr><attr><attrlabl>RCB2000Suf</attrlabl><attrdef>Right 2000 Census Block Suffix.</attrdef><attalias Sync="TRUE">RCB2000Suf</attalias><attrtype Sync="TRUE">String</attrtype><attwidth Sync="TRUE">1</attwidth><atprecis Sync="TRUE">0</atprecis><attscale Sync="TRUE">0</attscale></attr><attr><attrlabl>LCT1990</attrlabl><attrdef>Left 1990 Census Tract.</attrdef><attalias Sync="TRUE">LCT1990</attalias><attrtype Sync="TRUE">String</attrtype><attwidth Sync="TRUE">4</attwidth><atprecis Sync="TRUE">0</atprecis><attscale Sync="TRUE">0</attscale></attr><attr><attrlabl>LCT1990Suf</attrlabl><attrdef>Left 1990 Census Tract Suffix.</attrdef><attalias Sync="TRUE">LCT1990Suf</attalias><attrtype Sync="TRUE">String</attrtype><attwidth Sync="TRUE">2</attwidth><atprecis Sync="TRUE">0</atprecis><attscale Sync="TRUE">0</attscale></attr><attr><attrlabl>RCT1990</attrlabl><attrdef>Right 1990 Census Tract.</attrdef><attalias Sync="TRUE">RCT1990</attalias><attrtype Sync="TRUE">String</attrtype><attwidth Sync="TRUE">4</attwidth><atprecis Sync="TRUE">0</atprecis><attscale Sync="TRUE">0</attscale></attr><attr><attrlabl>RCT1990Suf</attrlabl><attrdef>Right 1990 Census Tract Suffix.</attrdef><attalias Sync="TRUE">RCT1990Suf</attalias><attrtype Sync="TRUE">String</attrtype><attwidth Sync="TRUE">2</attwidth><atprecis Sync="TRUE">0</atprecis><attscale Sync="TRUE">0</attscale></attr><attr><attrlabl>LAssmDist</attrlabl><attrdef>Assembly District for the left side of the street.</attrdef><attalias Sync="TRUE">LAssmDist</attalias><attrtype Sync="TRUE">String</attrtype><attwidth Sync="TRUE">2</attwidth><atprecis Sync="TRUE">0</atprecis><attscale Sync="TRUE">0</attscale></attr><attr><attrlabl>LElectDist</attrlabl><attrdef>Election District for the left side of the street.  Election Districts are unique within an Assembly District.</attrdef><attalias Sync="TRUE">LElectDist</attalias><attrtype Sync="TRUE">String</attrtype><attwidth Sync="TRUE">3</attwidth><atprecis Sync="TRUE">0</atprecis><attscale Sync="TRUE">0</attscale></attr><attr><attrlabl>RAssmDist</attrlabl><attrdef>Assembly District for the right side of the street.</attrdef><attalias Sync="TRUE">RAssmDist</attalias><attrtype Sync="TRUE">String</attrtype><attwidth Sync="TRUE">2</attwidth><atprecis Sync="TRUE">0</atprecis><attscale Sync="TRUE">0</attscale></attr><attr><attrlabl>RElectDist</attrlabl><attrdef>Election District for the right side of the street.  Election Districts are unique within an Assembly District.</attrdef><attalias Sync="TRUE">RElectDist</attalias><attrtype Sync="TRUE">String</attrtype><attwidth Sync="TRUE">3</attwidth><atprecis Sync="TRUE">0</atprecis><attscale Sync="TRUE">0</attscale></attr><attr><attrlabl>SplitElect</attrlabl><attrdef>Split Election District Flag. Indicates when a LION segment is split by more than one Election District.</attrdef><attrdomv><edom><edomv>blank</edomv><edomvd>Neither side of segment is split among two or more election districts</edomvd></edom><edom><edomv>B</edomv><edomvd>Both sides of segment are split among two or more election districts</edomvd></edom><edom><edomv>L</edomv><edomvd>Left side of segment is split</edomvd></edom><edom><edomv>R</edomv><edomvd>Right side of segment is split.</edomvd></edom></attrdomv><attalias Sync="TRUE">SplitElect</attalias><attrtype Sync="TRUE">String</attrtype><attwidth Sync="TRUE">1</attwidth><atprecis Sync="TRUE">0</atprecis><attscale Sync="TRUE">0</attscale></attr><attr><attrlabl>LSchlDist</attrlabl><attrdef>School District for the left side of the street.</attrdef><attalias Sync="TRUE">LSchlDist</attalias><attrtype Sync="TRUE">String</attrtype><attwidth Sync="TRUE">2</attwidth><atprecis Sync="TRUE">0</atprecis><attscale Sync="TRUE">0</attscale></attr><attr><attrlabl>RSchlDist</attrlabl><attrdef>School District for the right side of the street.</attrdef><attalias Sync="TRUE">RSchlDist</attalias><attrtype Sync="TRUE">String</attrtype><attwidth Sync="TRUE">2</attwidth><atprecis Sync="TRUE">0</atprecis><attscale Sync="TRUE">0</attscale></attr><attr><attrlabl>SplitSchl</attrlabl><attrdef>Split School Flag. Indicates when a LION segment is split by more than one School District.</attrdef><attrdomv><edom><edomv>blank</edomv><edomvd>Neither side of segment is split among two or more election districts</edomvd></edom><edom><edomv>B</edomv><edomvd>Both sides of segment are split among two or more election districts</edomvd></edom><edom><edomv>L</edomv><edomvd>Left side of segment is split</edomvd></edom><edom><edomv>R</edomv><edomvd>Right side of segment is split</edomvd></edom></attrdomv><attalias Sync="TRUE">SplitSchl</attalias><attrtype Sync="TRUE">String</attrtype><attwidth Sync="TRUE">1</attwidth><atprecis Sync="TRUE">0</atprecis><attscale Sync="TRUE">0</attscale></attr><attr><attrlabl>LSubSect</attrlabl><attrdef>Sanitation District Subsection for the left side of the street.  These are subareas of Sanitation Districts, which in general coincide with Community Districts, except possibly on a CD boundary (see SanDistInd).</attrdef><attalias Sync="TRUE">LSubSect</attalias><attrtype Sync="TRUE">String</attrtype><attwidth Sync="TRUE">2</attwidth><atprecis Sync="TRUE">0</atprecis><attscale Sync="TRUE">0</attscale></attr><attr><attrlabl>RSubSect</attrlabl><attrdef>Sanitation District Subsection for the right side of the street.  These are subareas of Sanitation Districts, which in general coincide with Community Districts, except possibly on a CD boundary (see SanDistInd).</attrdef><attalias Sync="TRUE">RSubSect</attalias><attrtype Sync="TRUE">String</attrtype><attwidth Sync="TRUE">2</attwidth><atprecis Sync="TRUE">0</atprecis><attscale Sync="TRUE">0</attscale></attr><attr><attrlabl>SanDistInd</attrlabl><attrdef>Sanitation District Boundary Indicator. Normally, sanitation routes are defined by the community district (CD) and sanitation district subsection.  For some streets that divide a CD, the same route will service both sides.  This indicator defines which CD will service the entire street.  The Subsection (LSubSect and RSubSect) is NOT affected by the sanitation district boundary indicator.</attrdef><attrdomv><edom><edomv>L</edomv><edomvd>Left: For both sides of the street, the sanitation district is defined using the CD on the left side of the street.</edomvd></edom><edom><edomv>R</edomv><edomvd>Right:  For both sides of the street, the sanitation district is defined using the CD on the right side of the street.</edomvd></edom><edom><edomv>blank</edomv><edomvd>The sanitation district route for each side of the street is correctly identified using the CD and subsection fields for the corresponding side of the street.</edomvd></edom></attrdomv><attalias Sync="TRUE">SanDistInd</attalias><attrtype Sync="TRUE">String</attrtype><attwidth Sync="TRUE">1</attwidth><atprecis Sync="TRUE">0</atprecis><attscale Sync="TRUE">0</attscale></attr><attr><attrlabl>MapFrom</attrlabl><attrdef>DCP Sectional / Zoning Map at the beginning of the segment.</attrdef><attalias Sync="TRUE">MapFrom</attalias><attrtype Sync="TRUE">String</attrtype><attwidth Sync="TRUE">3</attwidth><atprecis Sync="TRUE">0</atprecis><attscale Sync="TRUE">0</attscale></attr><attr><attrlabl>MapTo</attrlabl><attrdef>DCP Sectional / Zoning Map at the end of the segment.</attrdef><attalias Sync="TRUE">MapTo</attalias><attrtype Sync="TRUE">String</attrtype><attwidth Sync="TRUE">3</attwidth><atprecis Sync="TRUE">0</atprecis><attscale Sync="TRUE">0</attscale></attr><attr><attrlabl>BoroBndry</attrlabl><attrdef>Borough Boundary Indicator.  When a segment lies along a boundary of two boroughs, it is represented by two separate LION records, one for each borough.  The flag indicates which side of the segment is out of the borough.</attrdef><attalias Sync="TRUE">BoroBndry</attalias><attrtype Sync="TRUE">String</attrtype><attwidth Sync="TRUE">1</attwidth><atprecis Sync="TRUE">0</atprecis><attscale Sync="TRUE">0</attscale></attr><attr><attrlabl>MH_RI_Flag</attrlabl><attrdef>Marble Hill/Rikers Island Flag.  These are two areas of the city that legally are part of one borough, but serviced by another.  In each case, these records are flagged to be generated by the alternative borough for Geosupport purposes.</attrdef><attalias Sync="TRUE">MH_RI_Flag</attalias><attrtype Sync="TRUE">String</attrtype><attwidth Sync="TRUE">1</attwidth><atprecis Sync="TRUE">0</atprecis><attscale Sync="TRUE">0</attscale></attr><attr><attrlabl>XFrom</attrlabl><attrdef>X (Spatial) coordinate at the 'From' end of a segment.</attrdef><attalias Sync="TRUE">XFrom</attalias><attrtype Sync="TRUE">Integer</attrtype><attwidth Sync="TRUE">4</attwidth><atprecis Sync="TRUE">0</atprecis><attscale Sync="TRUE">0</attscale></attr><attr><attrlabl>YFrom</attrlabl><attrdef>Y (Spatial) coordinate at the 'From' end of a segment.</attrdef><attalias Sync="TRUE">YFrom</attalias><attrtype Sync="TRUE">Integer</attrtype><attwidth Sync="TRUE">4</attwidth><atprecis Sync="TRUE">0</atprecis><attscale Sync="TRUE">0</attscale></attr><attr><attrlabl>XTo</attrlabl><attrdef>X (Spatial) coordinate at the 'To' end of a segment.</attrdef><attalias Sync="TRUE">XTo</attalias><attrtype Sync="TRUE">Integer</attrtype><attwidth Sync="TRUE">4</attwidth><atprecis Sync="TRUE">0</atprecis><attscale Sync="TRUE">0</attscale></attr><attr><attrlabl>YTo</attrlabl><attrdef>Y (Spatial) coordinate at the 'To' end of a segment.</attrdef><attalias Sync="TRUE">YTo</attalias><attrtype Sync="TRUE">Integer</attrtype><attwidth Sync="TRUE">4</attwidth><atprecis Sync="TRUE">0</atprecis><attscale Sync="TRUE">0</attscale></attr><attr><attrlabl>ArcCenterX</attrlabl><attrdef>X (Spatial) coordinate at the center of the curve.</attrdef><attalias Sync="TRUE">ArcCenterX</attalias><attrtype Sync="TRUE">Integer</attrtype><attwidth Sync="TRUE">4</attwidth><atprecis Sync="TRUE">0</atprecis><attscale Sync="TRUE">0</attscale></attr><attr><attrlabl>ArcCenterY</attrlabl><attrdef>Y (Spatial) coordinate at the center of the curve.</attrdef><attalias Sync="TRUE">ArcCenterY</attalias><attrtype Sync="TRUE">Integer</attrtype><attwidth Sync="TRUE">4</attwidth><atprecis Sync="TRUE">0</atprecis><attscale Sync="TRUE">0</attscale></attr><attr><attrlabl>CurveFlag</attrlabl><attrdef>Indicates whether a LION record represents a straight segment, irregular curve (not a circular arc) or a regular curve (circular arc) segment.  If a regular curve segment, indicates which side of the segment the curve is on.</attrdef><attrdomv><edom><edomv>blank</edomv><edomvd>LION record represents a straight line segment</edomvd></edom><edom><edomv>I</edomv><edomvd>LION record represent an irregularly curved segment (not a circular arc)</edomvd></edom><edom><edomv>L</edomv><edomvd>LION record represents a curved segment consisting of a circular arc lying on the left side of the segment's directed chord.</edomvd></edom><edom><edomv>R</edomv><edomvd>LION record represents a curved segment consisting of a circular arc lying on the right side of the segment's directed chord.</edomvd></edom></attrdomv><attalias Sync="TRUE">CurveFlag</attalias><attrtype Sync="TRUE">String</attrtype><attwidth Sync="TRUE">1</attwidth><atprecis Sync="TRUE">0</atprecis><attscale Sync="TRUE">0</attscale></attr><attr><attrlabl>Radius</attrlabl><attrdef>This field contains a value only if the segment is a circular arc (i.e. regular curve), as indicated by an 'L' or an 'R' in the CurveFlag field.  The value is the radius of the arc in feet, rounded to the nearest foot.</attrdef><attalias Sync="TRUE">Radius</attalias><attrtype Sync="TRUE">Integer</attrtype><attwidth Sync="TRUE">4</attwidth><atprecis Sync="TRUE">0</atprecis><attscale Sync="TRUE">0</attscale></attr><attr><attrlabl>NodeIDFrom</attrlabl><attrdef>Node identifier at the low address end, or beginning of the segment.</attrdef><attalias Sync="TRUE">NodeIDFrom</attalias><attrtype Sync="TRUE">String</attrtype><attwidth Sync="TRUE">7</attwidth><atprecis Sync="TRUE">0</atprecis><attscale Sync="TRUE">0</attscale></attr><attr><attrlabl>NodeIDTo</attrlabl><attrdef>Node identifier at the high address end, or end of the segment.</attrdef><attalias Sync="TRUE">NodeIDTo</attalias><attrtype Sync="TRUE">String</attrtype><attwidth Sync="TRUE">7</attwidth><atprecis Sync="TRUE">0</atprecis><attscale Sync="TRUE">0</attscale></attr><attr><attrlabl>NodeLevelF</attrlabl><attrdef>Level code indicator vertical topology at the start of the street segment.</attrdef><attrdomv><edom><edomv>A-Z</edomv><edomvd>Relative level code on a scale where A is the lowest level of subterranean, M is ground level and Z is highest elevated level.</edomvd></edom><edom><edomv>*</edomv><edomvd>Level-less feature associated with node.  The asterisk is used to indicate the level-code on non-physical geometry, such as generic roadbed segments. Since these are non-physical, there is no 'real' level code that can be associated.</edomvd></edom><edom><edomv>$</edomv><edomvd>Shoreline / water level.  </edomvd></edom></attrdomv><attalias Sync="TRUE">NodeLevelF</attalias><attrtype Sync="TRUE">String</attrtype><attwidth Sync="TRUE">1</attwidth><atprecis Sync="TRUE">0</atprecis><attscale Sync="TRUE">0</attscale></attr><attr><attrlabl>NodeLevelT</attrlabl><attrdef>Level code indicator vertical topology at the end of the street segment.</attrdef><attrdomv><edom><edomv>A-Z</edomv><edomvd>Relative level code on a scale where A is the lowest level of subterranean, M is ground level and Z is highest elevated level.</edomvd></edom><edom><edomv>*</edomv><edomvd>Level-less feature associated with node.  The asterisk is used to indicate the level-code on non-physical geometry, such as generic roadbed segments. Since these are non-physical, there is no 'real' level code that can be associated.</edomvd></edom><edom><edomv>$</edomv><edomvd>Shoreline / water level.</edomvd></edom></attrdomv><attalias Sync="TRUE">NodeLevelT</attalias><attrtype Sync="TRUE">String</attrtype><attwidth Sync="TRUE">1</attwidth><atprecis Sync="TRUE">0</atprecis><attscale Sync="TRUE">0</attscale></attr><attr><attrlabl>ConParity</attrlabl><attrdef>Continuous Parity Indicator (Domain Values = L, R).  A continuous parity segment has both odd and even addresses on the same side of the segment, and no addresses on the other side.  In a LION record that represents a continous parity segment, the odd and even address ranges are stored separately and the 1-byte code indicates on which side of the street the addresses physically exist.</attrdef><attrdefs>ESRI</attrdefs><attrdomv><edom><edomv>L</edomv><edomvd>Odd and Even house number are bothe on the left side of the segment.</edomvd></edom><edom><edomv>R</edomv><edomvd>Odd and Even house number are bothe on the right side of the segment.</edomvd></edom></attrdomv><attalias Sync="TRUE">ConParity</attalias><attrtype Sync="TRUE">String</attrtype><attwidth Sync="TRUE">1</attwidth><atprecis Sync="TRUE">0</atprecis><attscale Sync="TRUE">0</attscale></attr><attr><attrlabl>Twisted</attrlabl><attrdef>Twisted Parity:  Occasionally, the address parities along a street switch.  If a 'T' value exists in this field, it indicates that the parities have changed since the immediately preceding segment of the same street (i.e., if odd addresses were on the left, now they are on the right).</attrdef><attrdefs>ESRI</attrdefs><attrdomv><edom><edomv>T</edomv><edomvd>Indicates that the address parities along a street have switched since the immediately preceding segment of the same street (i.e., if odd addresses were on the left, they are now on the right).</edomvd></edom></attrdomv><attalias Sync="TRUE">Twisted</attalias><attrtype Sync="TRUE">String</attrtype><attwidth Sync="TRUE">1</attwidth><atprecis Sync="TRUE">0</atprecis><attscale Sync="TRUE">0</attscale></attr><attr><attrlabl>RW_TYPE</attrlabl><attrdef>Roadway Type</attrdef><attrdomv><edom><edomv>1</edomv><edomvd>Street</edomvd></edom><edom><edomv>2</edomv><edomvd>Highway</edomvd></edom><edom><edomv>3</edomv><edomvd>Bridge</edomvd></edom><edom><edomv>4</edomv><edomvd>Tunnel</edomvd></edom><edom><edomv>5</edomv><edomvd>Boardwalk</edomvd></edom><edom><edomv>6</edomv><edomvd>Path/Trail</edomvd></edom><edom><edomv>7</edomv><edomvd>Step Street</edomvd></edom><edom><edomv>8</edomv><edomvd>Driveway</edomvd></edom><edom><edomv>9</edomv><edomvd>Ramp</edomvd></edom><edom><edomv>10</edomv><edomvd>Alley</edomvd></edom><edom><edomv>11</edomv><edomvd>Unknown</edomvd></edom><edom><edomv>12</edomv><edomvd>Non-Physical Street Segment</edomvd></edom><edom><edomv>13</edomv><edomvd>U-Turn</edomvd></edom><edom><edomv>14</edomv><edomvd>Ferry Route</edomvd></edom></attrdomv><attalias Sync="TRUE">RW_TYPE</attalias><attrtype Sync="TRUE">String</attrtype><attwidth Sync="TRUE">2</attwidth><atprecis Sync="TRUE">0</atprecis><attscale Sync="TRUE">0</attscale></attr><attr><attrlabl>PhysicalID</attrlabl><attrdef>A unique ID assigned in order to aggregate granular geometry to represent a Physical View of the city's street network. In CSCL, segmentation is very granular in order to accommodate many types of physical and non-physical geometry. The Physical ID is a unique number used to identify a physically existing piece of geometry that may or may not be comprised of several Segment IDs. For example, E 28 Street between 2nd Ave and 3rd Ave in Manhattan would have 1 Physical ID although there are 3 segments defining that block face, with 3 separate Segment IDs.</attrdef><attalias Sync="TRUE">PhysicalID</attalias><attrtype Sync="TRUE">Integer</attrtype><attwidth Sync="TRUE">4</attwidth><atprecis Sync="TRUE">0</atprecis><attscale Sync="TRUE">0</attscale></attr><attr><attrlabl>GenericID</attrlabl><attrdef>A unique ID assigned in order to aggregate granular geometry to represent a Generic View of the city's street network. Streets that contain multiple carriageways or roadbeds (such as Queens Boulevard in Queens and Park Ave in Manhattan) are represented by multiple centerlines corresponding to each roadbed as well as an imaginary 'single' generic centerline.</attrdef><attalias Sync="TRUE">GenericID</attalias><attrtype Sync="TRUE">Integer</attrtype><attwidth Sync="TRUE">4</attwidth><atprecis Sync="TRUE">0</atprecis><attscale Sync="TRUE">0</attscale></attr><attr><attrlabl>NYPDID</attrlabl><attrdef>A unique ID assigned for NYPD's use in order to aggregate granular geometry for administrative purposes.</attrdef><attalias Sync="TRUE">NYPDID</attalias><attrtype Sync="TRUE">String</attrtype><attwidth Sync="TRUE">7</attwidth><atprecis Sync="TRUE">0</atprecis><attscale Sync="TRUE">0</attscale></attr><attr><attrlabl>FDNYID</attrlabl><attrdef>Not currently implemented. A unique ID assigned for FDNY's use in order to aggregate granular geometry for their administrative purposes.</attrdef><attrvai><attrva>Not currently implemented.</attrva></attrvai><attalias Sync="TRUE">FDNYID</attalias><attrtype Sync="TRUE">String</attrtype><attwidth Sync="TRUE">7</attwidth><atprecis Sync="TRUE">0</atprecis><attscale Sync="TRUE">0</attscale></attr><attr><attrlabl>LBlockFaceID</attrlabl><attrdef>A ten digit number (right justified, zero filled) identifying the block face on the left hand side of a segment.  Block Face is defined as one continuous side of a physical block that is intersected on that side by two other physical through streets.  Blockface IDs were established by DoITT’s consultants working on the planimetric feature classes for NYC and are not maintained by the Department of City Planning.</attrdef><attalias Sync="TRUE">LBlockFaceID</attalias><attrtype Sync="TRUE">String</attrtype><attwidth Sync="TRUE">10</attwidth><atprecis Sync="TRUE">0</atprecis><attscale Sync="TRUE">0</attscale></attr><attr><attrlabl>RBlockFaceID</attrlabl><attrdef>A ten digit number (right justified, zero filled) identifying the block face on the right hand side of a segment.  Block Face is defined as one continuous side of a physical block that is intersected on that side by two other physical through streets.  Blockface IDs were established by DoITT’s consultants working on the planimetric feature classes for NYC and are not maintained by the Department of City Planning.</attrdef><attalias Sync="TRUE">RBlockFaceID</attalias><attrtype Sync="TRUE">String</attrtype><attwidth Sync="TRUE">10</attwidth><atprecis Sync="TRUE">0</atprecis><attscale Sync="TRUE">0</attscale></attr><attr><attrlabl>LegacyID</attrlabl><attrdef>LION 09C Segment IDs which were migrated for the initial population of the CSCL. This data is captured in order to help users migrate legacy data. New geometry in the CSCL/LION will not have this field populated, however existing CSCL/LION segments will retain the legacy ID when split.</attrdef><attrdefs>ESRI</attrdefs><attrdomv><udom>Sequential unique whole numbers that are automatically generated.</udom></attrdomv><attalias Sync="TRUE">LegacyID</attalias><attrtype Sync="TRUE">String</attrtype><attwidth Sync="TRUE">7</attwidth><atprecis Sync="TRUE">0</atprecis><attscale Sync="TRUE">0</attscale></attr><attr><attrlabl>Status</attrlabl><attrdef>Refers to the construction status of a street segment.</attrdef><attrdomv><edom><edomv>1</edomv><edomvd>Planned Private</edomvd></edom><edom><edomv>2</edomv><edomvd>Constructed</edomvd></edom><edom><edomv>3</edomv><edomvd>Paper</edomvd></edom><edom><edomv>4</edomv><edomvd>Under Construction</edomvd></edom><edom><edomv>5</edomv><edomvd>Demapped</edomvd></edom><edom><edomv>9</edomv><edomvd>Paper Street Coincident with Boundary</edomvd></edom></attrdomv><attalias Sync="TRUE">Status</attalias><attrtype Sync="TRUE">String</attrtype><attwidth Sync="TRUE">1</attwidth><atprecis Sync="TRUE">0</atprecis><attscale Sync="TRUE">0</attscale></attr><attr><attrlabl>StreetWidth_Min</attrlabl><attrdef>Formerly known as StreetWidth, this represents the narrowest width, in feet, of the paved area of the street.  These values correspond to the StreetWidth field in Geosupport.</attrdef><attalias Sync="TRUE">StreetWidth</attalias><attrtype Sync="TRUE">Double</attrtype><attwidth Sync="TRUE">8</attwidth><atprecis Sync="TRUE">0</atprecis><attscale Sync="TRUE">0</attscale></attr><attr><attrlabl>StreetWidth_Irr</attrlabl><attrdef>Not currently implemented. Flag indicating whether the street width is consistent along a street segment.</attrdef><attrvai><attrva>Not currently implemented.</attrva></attrvai><attalias Sync="TRUE">StreetWidth_Irr</attalias><attrtype Sync="TRUE">String</attrtype><attwidth Sync="TRUE">1</attwidth><atprecis Sync="TRUE">0</atprecis><attscale Sync="TRUE">0</attscale></attr><attr><attrlabl>BikeLane</attrlabl><attrdef>Bike Lane: Defines which segments are part of the bicycle network as defined by the Department of Transportation. These values correspond to Bike Lane 2 in Geosupport.</attrdef><attrdomv><edom><edomv>1</edomv><edomvd>Class 1: Separated Greenway</edomvd></edom><edom><edomv>2</edomv><edomvd>Class II: Striped Bike Lane</edomvd></edom><edom><edomv>3</edomv><edomvd>Class III: Signed Bicycle Route</edomvd></edom><edom><edomv>4</edomv><edomvd>Links: Connecting segments.</edomvd></edom><edom><edomv>5</edomv><edomvd>Class I, II: Combination of Class I and II</edomvd></edom><edom><edomv>6</edomv><edomvd>Class II, III: Combination of Class II and III</edomvd></edom><edom><edomv>7</edomv><edomvd>Stairs: Includes step streets, bridge stairs, etc.</edomvd></edom><edom><edomv>8</edomv><edomvd>Class I, III: Combination of Class I and III</edomvd></edom><edom><edomv>9</edomv><edomvd>Class II, I: Combination of Class II and I</edomvd></edom><edom><edomv>10</edomv><edomvd>Class III, I: Combination of Class III and I</edomvd></edom><edom><edomv>11</edomv><edomvd>Class III, II: Combination of Class III and II</edomvd></edom></attrdomv><attalias Sync="TRUE">BikeLane</attalias><attrtype Sync="TRUE">String</attrtype><attwidth Sync="TRUE">2</attwidth><atprecis Sync="TRUE">0</atprecis><attscale Sync="TRUE">0</attscale></attr><attr><attrlabl>Snow_Priority</attrlabl><attrdef>DSNY snow removal priority designation.</attrdef><attrdomv><edom><edomv>blank</edomv><edomvd>unknown</edomvd></edom><edom><edomv>C</edomv><edomvd>Critical: These routes are comprised of highways (main beds, entrances, exits, interchanges), arterial roadways, main travel thoroughfares (single land and multi-lane), bus routes, that contain emergency services and first responder facilities (Hospitals, EMS, FDNY, NYPD) and schools.</edomvd></edom><edom><edomv>S</edomv><edomvd>Sector: Designed to encompass all streets that are not classified as Critical Streets and are awide enough to accommodate a full size DSNY collection truck with a plow attached.</edomvd></edom><edom><edomv>H</edomv><edomvd>Haulster: Designed to service dead ends and streets that cannot be serviced with a collection truck or salt spreader with a plow attached due to narrow street width or tight turning radius (either entering or exiting the street).</edomvd></edom><edom><edomv>V</edomv><edomvd>Non-DSNY</edomvd></edom></attrdomv><attalias Sync="TRUE">Snow_Priority</attalias><attrtype Sync="TRUE">String</attrtype><attwidth Sync="TRUE">1</attwidth><atprecis Sync="TRUE">0</atprecis><attscale Sync="TRUE">0</attscale></attr><attr><attrlabl>Number_Travel_Lanes</attrlabl><attrdef>The number of lanes in a carriageway (roadway) that are designated for the movement of vehicles traveling from one destination to another.  The number of travel lanes were determined by DoITT’s consultants working on the planimetric feature classes for NYC.</attrdef><attalias Sync="TRUE">Number_Travel_Lanes</attalias><attrtype Sync="TRUE">String</attrtype><attwidth Sync="TRUE">2</attwidth><atprecis Sync="TRUE">0</atprecis><attscale Sync="TRUE">0</attscale></attr><attr><attrlabl>Number_Park_Lanes</attrlabl><attrdef>The number of lanes in a carriageway (roadway) that are reserved for parallel parking of vehicles.  The number of parking lanes were determined by DoITT’s consultants working on the planimetric feature classes for NYC.</attrdef><attalias Sync="TRUE">Number_Park_Lanes</attalias><attrtype Sync="TRUE">String</attrtype><attwidth Sync="TRUE">2</attwidth><atprecis Sync="TRUE">0</atprecis><attscale Sync="TRUE">0</attscale></attr><attr><attrlabl>Number_Total_Lanes</attrlabl><attrdef>The total number of lanes in a carriageway (roadway) including travel lanes and parking lanes.  The total number of lanes were determined by DoITT’s consultants working on the planimetric feature classes for NYC.</attrdef><attalias Sync="TRUE">Number_Total_Lanes</attalias><attrtype Sync="TRUE">String</attrtype><attwidth Sync="TRUE">2</attwidth><atprecis Sync="TRUE">0</atprecis><attscale Sync="TRUE">0</attscale></attr><attr><attrlabl>Carto_Display_Level</attrlabl><attrdef>Cartographic Display Level:  Select LION segments are flagged as a way to designate major roads for cartographic purposes at various scales.</attrdef><attrdomv><edom><edomv>10</edomv><edomvd>City</edomvd></edom><edom><edomv>20</edomv><edomvd>Borough</edomvd></edom><edom><edomv>30</edomv><edomvd>Neighborhood</edomvd></edom></attrdomv><attalias Sync="TRUE">Carto_Display_Level</attalias><attrtype Sync="TRUE">String</attrtype><attwidth Sync="TRUE">20</attwidth><atprecis Sync="TRUE">0</atprecis><attscale Sync="TRUE">0</attscale></attr><attr><attrlabl>FCC</attrlabl><attrdef>Not currently implemented. Federal Classification Code</attrdef><attrvai><attrva>Not currently implemented.</attrva></attrvai><attalias Sync="TRUE">FCC</attalias><attrtype Sync="TRUE">String</attrtype><attwidth Sync="TRUE">2</attwidth><atprecis Sync="TRUE">0</atprecis><attscale Sync="TRUE">0</attscale></attr><attr><attrlabl>ROW_Type</attrlabl><attrdef>Right-of-Way Type: These refer only to subway and rail segments.</attrdef><attrdomv><edom><edomv>1</edomv><edomvd>Subterranean</edomvd></edom><edom><edomv>2</edomv><edomvd>Elevated</edomvd></edom><edom><edomv>3</edomv><edomvd>Surface</edomvd></edom><edom><edomv>4</edomv><edomvd>Hidden</edomvd></edom><edom><edomv>5</edomv><edomvd>Open Cut Depression</edomvd></edom><edom><edomv>6</edomv><edomvd>Embankment</edomvd></edom><edom><edomv>7</edomv><edomvd>Viaduct</edomvd></edom><edom><edomv>8</edomv><edomvd>Subterranean Coincident with Boundary</edomvd></edom></attrdomv><attalias Sync="TRUE">ROW_Type</attalias><attrtype Sync="TRUE">String</attrtype><attwidth Sync="TRUE">1</attwidth><atprecis Sync="TRUE">0</atprecis><attscale Sync="TRUE">0</attscale></attr><attr><attrlabl>LLo_Hyphen</attrlabl><attrdef>Low Value for the hyphenated address range beginning on the left side of the street segment.  Left and right are defined relative to a street segment's direction. For streets that have addresses, the direction of a DCPLION streeet segment is determined by the direction of increasing address numbers. Note that this direction is unrelated to the street's traffic direction or its orientation relative to the points of the compass. The direction of streets with out address numbers, as well as non-street features, is assigned arbitrarily, but is consistent within the street feature. Direction can usually be determined by observing which way the SeqNum increases. Includes hyphenated addresses.</attrdef><attrdefs>ESRI</attrdefs><attrdomv><udom>Sequential unique whole numbers that are automatically generated.</udom></attrdomv><attalias Sync="TRUE">LLo_Hyphen</attalias><attrtype Sync="TRUE">String</attrtype><attwidth Sync="TRUE">7</attwidth><atprecis Sync="TRUE">0</atprecis><attscale Sync="TRUE">0</attscale></attr><attr><attrlabl>LHi_Hyphen</attrlabl><attrdef>High Value for the hyphenated address range beginning on the left side of the street segment.</attrdef><attrdefs>ESRI</attrdefs><attrdomv><udom>Sequential unique whole numbers that are automatically generated.</udom></attrdomv><attalias Sync="TRUE">LHi_Hyphen</attalias><attrtype Sync="TRUE">String</attrtype><attwidth Sync="TRUE">7</attwidth><atprecis Sync="TRUE">0</atprecis><attscale Sync="TRUE">0</attscale></attr><attr><attrlabl>RLo_Hyphen</attrlabl><attrdef>Low Value for the hyphenated address range beginning on the right side of the street segment.</attrdef><attrdefs>ESRI</attrdefs><attrdomv><udom>Sequential unique whole numbers that are automatically generated.</udom></attrdomv><attalias Sync="TRUE">RLo_Hyphen</attalias><attrtype Sync="TRUE">String</attrtype><attwidth Sync="TRUE">7</attwidth><atprecis Sync="TRUE">0</atprecis><attscale Sync="TRUE">0</attscale></attr><attr><attrlabl>RHi_Hyphen</attrlabl><attrdef>High Value for the hyphenated address range beginning on the right side of the street segment.</attrdef><attrdefs>ESRI</attrdefs><attrdomv><udom>Sequential unique whole numbers that are automatically generated.</udom></attrdomv><attalias Sync="TRUE">RHi_Hyphen</attalias><attrtype Sync="TRUE">String</attrtype><attwidth Sync="TRUE">7</attwidth><atprecis Sync="TRUE">0</atprecis><attscale Sync="TRUE">0</attscale></attr><attr><attrlabl>FromLeft</attrlabl><attrdef>Low Value for the numeric address range beginning on the left side of the street segment. For all hyphanated addresses, the hyphen has been removed.  To convert the before hyphen portion of the house number is multiplied by 1000 and then added to the after hyphen portion of the house number (e.g. 101-40 would be converted to 101040).</attrdef><attrdefs>ESRI</attrdefs><attrdomv><udom>Sequential unique whole numbers that are automatically generated.</udom></attrdomv><attalias Sync="TRUE">FromLeft</attalias><attrtype Sync="TRUE">Integer</attrtype><attwidth Sync="TRUE">4</attwidth><atprecis Sync="TRUE">0</atprecis><attscale Sync="TRUE">0</attscale></attr><attr><attrlabl>ToLeft</attrlabl><attrdef>High Value for the numeric address range beginning on the left side of the street segment.</attrdef><attrdefs>ESRI</attrdefs><attrdomv><udom>Sequential unique whole numbers that are automatically generated.</udom></attrdomv><attalias Sync="TRUE">ToLeft</attalias><attrtype Sync="TRUE">Integer</attrtype><attwidth Sync="TRUE">4</attwidth><atprecis Sync="TRUE">0</atprecis><attscale Sync="TRUE">0</attscale></attr><attr><attrlabl>FromRight</attrlabl><attrdef>Low Value for the numeric address range beginning on the right side of the street segment.</attrdef><attrdefs>ESRI</attrdefs><attrdomv><udom>Sequential unique whole numbers that are automatically generated.</udom></attrdomv><attalias Sync="TRUE">FromRight</attalias><attrtype Sync="TRUE">Integer</attrtype><attwidth Sync="TRUE">4</attwidth><atprecis Sync="TRUE">0</atprecis><attscale Sync="TRUE">0</attscale></attr><attr><attrlabl>ToRight</attrlabl><attrdef>High Value for the numeric address range beginning on the right side of the street segment.</attrdef><attrdefs>ESRI</attrdefs><attrdomv><udom>Positive real numbers that are automatically generated.</udom></attrdomv><attalias Sync="TRUE">ToRight</attalias><attrtype Sync="TRUE">Integer</attrtype><attwidth Sync="TRUE">4</attwidth><atprecis Sync="TRUE">0</atprecis><attscale Sync="TRUE">0</attscale></attr><attr><attrlabl>Join_ID</attrlabl><attrdef>Identification field used to link LION feature class with Alternative Names table during a geocoding operation.</attrdef><attrdefs>ESRI</attrdefs><attrdomv><udom>Sequential unique whole numbers that are automatically generated.</udom></attrdomv><attalias Sync="TRUE">Join_ID</attalias><attrtype Sync="TRUE">String</attrtype><attwidth Sync="TRUE">15</attwidth><atprecis Sync="TRUE">0</atprecis><attscale Sync="TRUE">0</attscale></attr><attr><attrlabl>BIKE_TRAFDIR</attrlabl><attrdef>BIKE_TRAFDIR (Bike Traffic Direction) defines bicycle traffic direction on segments that are part of the bicycle network as defined by the Department of Transportation.</attrdef><attrdomv><edom><edomv>blank</edomv><edomvd>This segment is not part of the bicycle network as defined by the Department of Transportation.</edomvd></edom><edom><edomv>FT</edomv><edomvd>Bike traffic is one way.  The bike traffic flow is with the direction of increasing addresses, if any.  This direction is also known as ‘with’ the segment’s logical direction, i.e. from the FROM node to the TO node.</edomvd></edom><edom><edomv>TF</edomv><edomvd>Bike traffic is one way.  The bike traffic flow is against the direction of increasing addresses, if any.  This direction is also known as ‘against’ the segment’s logical direction, i.e. from the TO node to the FROM node.</edomvd></edom><edom><edomv>TW</edomv><edomvd>Bike traffic is two way.  Bicycles travel in both directions.</edomvd></edom></attrdomv><attalias Sync="TRUE">BIKE_TRAFDIR</attalias><attrtype Sync="TRUE">String</attrtype><attwidth Sync="TRUE">2</attwidth><atprecis Sync="TRUE">0</atprecis><attscale Sync="TRUE">0</attscale></attr><attr><attrlabl>ACTIVE_FLAG</attrlabl><attrdef>ACTIVE_FLAG only applies to LION segments representing subway features.  This field is being introduced with the digitization of the 2nd Avenue subway to indicate which portions are open versus under construction or proposed.</attrdef><attrdomv><edom><edomv>Y</edomv><edomvd>This portion of the subway is active and open.</edomvd></edom><edom><edomv>N</edomv><edomvd>This portion of the subway is inactive, i.e. either under construction or proposed.</edomvd></edom><edom><edomv>NULL</edomv><edomvd>This segment does not represent a subway feature.</edomvd></edom></attrdomv><attalias Sync="TRUE">Active_Flag</attalias><attrtype Sync="TRUE">String</attrtype><attwidth Sync="TRUE">1</attwidth><atprecis Sync="TRUE">0</atprecis><attscale Sync="TRUE">0</attscale></attr><attr><attrlabl>POSTED_SPEED</attrlabl><attrdef>POSTED_SPEED contains the speed limit, in miles per hour, of the paved area.</attrdef><attalias Sync="TRUE">POSTED_SPEED</attalias><attrtype Sync="TRUE">String</attrtype><attwidth Sync="TRUE">2</attwidth><atprecis Sync="TRUE">0</atprecis><attscale Sync="TRUE">0</attscale></attr><attr><attrlabl>SHAPE_Length</attrlabl><attrdef>Length of feature in internal units.</attrdef><attrdefs>Esri</attrdefs><attrdomv><udom>Positive real numbers that are automatically generated.</udom></attrdomv><attalias Sync="TRUE">SHAPE_Length</attalias><attrtype Sync="TRUE">Double</attrtype><attwidth Sync="TRUE">8</attwidth><atprecis Sync="TRUE">0</atprecis><attscale Sync="TRUE">0</attscale></attr><attr><attrlabl>StreetWidth_Max</attrlabl><attrdef>The maximum width, in feet, of the paved area of the street.</attrdef><attalias Sync="TRUE">StreetWidth_Max</attalias><attrtype Sync="TRUE">Double</attrtype><attwidth Sync="TRUE">8</attwidth><atprecis Sync="TRUE">0</atprecis><attscale Sync="TRUE">0</attscale></attr><attr><attrlabl>L_PD_Service_Area</attrlabl><attrdef>Left side Police Service Areas (PSAs), which provides the Housing Bureau Police services to a set of housing developments.</attrdef><attalias Sync="TRUE">L_PD_Service_Area</attalias><attrtype Sync="TRUE">String</attrtype><attwidth Sync="TRUE">1</attwidth><atprecis Sync="TRUE">0</atprecis><attscale Sync="TRUE">0</attscale></attr><attr><attrlabl>R_PD_Service_Area</attrlabl><attrdef>Right side Police Service Areas (PSAs), which provides the Housing Bureau Police services to a set of housing developments.</attrdef><attalias Sync="TRUE">R_PD_Service_Area</attalias><attrtype Sync="TRUE">String</attrtype><attwidth Sync="TRUE">1</attwidth><atprecis Sync="TRUE">0</atprecis><attscale Sync="TRUE">0</attscale></attr><attr><attrlabl>TRUCK_ROUTE_TYPE</attrlabl><attrdef>Segments that are part of the New York City truck route network designated by Department of Transportation for use by trucks and other commercial vehicles.</attrdef><attrdomv><edom><edomv>1</edomv><edomvd>Limited Local</edomvd></edom><edom><edomv>2</edomv><edomvd>Local</edomvd></edom><edom><edomv>3</edomv><edomvd>Through</edomvd></edom></attrdomv><attalias Sync="TRUE">Truck_Route_Type</attalias><attrtype Sync="TRUE">String</attrtype><attwidth Sync="TRUE">1</attwidth><atprecis Sync="TRUE">0</atprecis><attscale Sync="TRUE">0</attscale></attr><attr><attrlabl>LCT2020</attrlabl><attrdef>Left 2020 Census Tract.</attrdef><attrtype>String</attrtype><attwidth>4</attwidth><attalias Sync="TRUE">LCT2020</attalias><atprecis Sync="TRUE">0</atprecis><attscale Sync="TRUE">0</attscale></attr><attr><attrlabl>LCT2020Suf</attrlabl><attrdef>Left 2020 Census Tract Suffix.</attrdef><attrtype>String</attrtype><attwidth>2</attwidth><attalias Sync="TRUE">LCT2020Suf</attalias><atprecis Sync="TRUE">0</atprecis><attscale Sync="TRUE">0</attscale></attr><attr><attrlabl>RCT2020</attrlabl><attrdef>Right 2010 Census Tract.</attrdef><attrtype>String</attrtype><attwidth>4</attwidth><attalias Sync="TRUE">RCT2020</attalias><atprecis Sync="TRUE">0</atprecis><attscale Sync="TRUE">0</attscale></attr><attr><attrlabl>RCT2020Suf</attrlabl><attrdef>Right 2010 Census Tract Suffix.</attrdef><attrtype>String</attrtype><attwidth>2</attwidth><attalias Sync="TRUE">RCT2020Suf</attalias><atprecis Sync="TRUE">0</atprecis><attscale Sync="TRUE">0</attscale></attr><attr><attrlabl>LCB2020</attrlabl><attrdef>Left 2020 Census Block.</attrdef><attalias Sync="TRUE">LCB2020</attalias><attrtype Sync="TRUE">String</attrtype><attwidth Sync="TRUE">4</attwidth><atprecis Sync="TRUE">0</atprecis><attscale Sync="TRUE">0</attscale></attr><attr><attrlabl>LCB2020Suf</attrlabl><attrdef>Left 2020 Census Block Suffix.</attrdef><attrtype>String</attrtype><attwidth>2</attwidth><attalias Sync="TRUE">LCB2020Suf</attalias><atprecis Sync="TRUE">0</atprecis><attscale Sync="TRUE">0</attscale></attr><attr><attrlabl>RCB2020</attrlabl><attrdef>Right 2020 Census Block.</attrdef><attrtype>String</attrtype><attwidth>4</attwidth><attalias Sync="TRUE">RCB2020</attalias><atprecis Sync="TRUE">0</atprecis><attscale Sync="TRUE">0</attscale></attr><attr><attrlabl>RCB2020Suf</attrlabl><attrdef>Right 2020 Census Block Suffix.</attrdef><attrtype>String</attrtype><attwidth>2</attwidth><attalias Sync="TRUE">RCB2020Suf</attalias><atprecis Sync="TRUE">0</atprecis><attscale Sync="TRUE">0</attscale></attr></detailed></eainfo><mdLang><languageCode value="eng" Sync="TRUE"/><countryCode value="USA" Sync="TRUE"/></mdLang><distInfo><distFormat><formatName Sync="TRUE">File Geodatabase Feature Class</formatName></distFormat></distInfo><mdHrLvName Sync="TRUE">dataset</mdHrLvName><refSysInfo><RefSystem><refSysID><identCode code="2263" Sync="TRUE"/><idCodeSpace Sync="TRUE">EPSG</idCodeSpace><idVersion Sync="TRUE">5.3(9.0.0)</idVersion></refSysID></RefSystem></refSysInfo><spatRepInfo><VectSpatRep><geometObjs Name="lion"><geoObjTyp><GeoObjTypCd value="002" Sync="TRUE"/></geoObjTyp><geoObjCnt Sync="TRUE">234827</geoObjCnt></geometObjs><topLvl><TopoLevCd value="001" Sync="TRUE"/></topLvl></VectSpatRep></spatRepInfo><spdoinfo><ptvctinf><esriterm Name="lion"><efeatyp Sync="TRUE">Simple</efeatyp><efeageom code="3" Sync="TRUE"/><esritopo Sync="TRUE">FALSE</esritopo><efeacnt Sync="TRUE">234827</efeacnt><spindex Sync="TRUE">TRUE</spindex><linrefer Sync="TRUE">FALSE</linrefer></esriterm></ptvctinf></spdoinfo><mdDateSt Sync="TRUE">20211105</mdDateSt></metadata>
